{"cameraMode":{"drawMode":0,"name":"Shaded","section":"Shading Mode"},"sceneLighting":false,"audioPlay":false,"sceneViewState":{"showFog":true,"showMaterialUpdate":false,"showSkybox":false,"showFlares":true,"showImageEffects":true,"showParticleSystems":true},"in2DMode":false,"pivot":{"x":-327.1300048828125,"y":70.81800079345703,"z":1.064510464668274},"rotation":{"x":-0.011921980418264866,"y":0.9585625529289246,"z":-0.04026345536112785,"w":-0.2820635437965393},"size":1.8373874425888062,"orthographic":false}