{"cameraMode":{"drawMode":0,"name":"Shaded","section":"Shading Mode"},"sceneLighting":true,"audioPlay":false,"sceneViewState":{"showFog":true,"showMaterialUpdate":false,"showSkybox":true,"showFlares":true,"showImageEffects":true,"showParticleSystems":true},"in2DMode":false,"pivot":{"x":-341.350341796875,"y":88.94277954101563,"z":-61.52272033691406},"rotation":{"x":0.003848461667075753,"y":-0.9818387627601624,"z":0.019119931384921075,"w":0.18929919600486756},"size":129.8804473876953,"orthographic":false}