{"cameraMode":{"drawMode":0,"name":"Shaded","section":"Shading Mode"},"sceneLighting":true,"audioPlay":false,"sceneViewState":{"showFog":true,"showMaterialUpdate":false,"showSkybox":true,"showFlares":true,"showImageEffects":true,"showParticleSystems":true},"in2DMode":false,"pivot":{"x":-321.7104187011719,"y":29.986881256103517,"z":-168.6639404296875},"rotation":{"x":0.0016410909593105317,"y":0.9921627640724182,"z":-0.12567804753780366,"w":0.011319132521748543},"size":170.60980224609376,"orthographic":false}