{"cameraMode":{"drawMode":0,"name":"Shaded","section":"Shading Mode"},"sceneLighting":true,"audioPlay":false,"sceneViewState":{"showFog":true,"showMaterialUpdate":false,"showSkybox":true,"showFlares":true,"showImageEffects":true,"showParticleSystems":true},"in2DMode":false,"pivot":{"x":-321.3342590332031,"y":72.27485656738281,"z":-15.544543266296387},"rotation":{"x":-0.024052375927567483,"y":-0.9542714357376099,"z":0.2873825430870056,"w":-0.08041653037071228},"size":7.665469169616699,"orthographic":false}