{"cameraMode":{"drawMode":0,"name":"Shaded","section":"Shading Mode"},"sceneLighting":false,"audioPlay":false,"sceneViewState":{"showFog":true,"showMaterialUpdate":false,"showSkybox":false,"showFlares":true,"showImageEffects":true,"showParticleSystems":true},"in2DMode":false,"pivot":{"x":-324.98388671875,"y":68.43738555908203,"z":9.163915634155274},"rotation":{"x":0.237112894654274,"y":0.5933128595352173,"z":-0.18861594796180726,"w":0.7458269000053406},"size":4.666904449462891,"orthographic":false}