{"cameraMode":{"drawMode":0,"name":"Shaded","section":"Shading Mode"},"sceneLighting":false,"audioPlay":false,"sceneViewState":{"showFog":true,"showMaterialUpdate":false,"showSkybox":false,"showFlares":true,"showImageEffects":true,"showParticleSystems":true},"in2DMode":false,"pivot":{"x":-327.7396545410156,"y":71.17640686035156,"z":-10.31784439086914},"rotation":{"x":-0.007329121232032776,"y":0.9805083274841309,"z":-0.03677143156528473,"w":-0.19333381950855256},"size":2.2968287467956545,"orthographic":false}