{"cameraMode":{"drawMode":0,"name":"Shaded","section":"Shading Mode"},"sceneLighting":true,"audioPlay":false,"sceneViewState":{"showFog":true,"showMaterialUpdate":false,"showSkybox":true,"showFlares":true,"showImageEffects":true,"showParticleSystems":true},"in2DMode":false,"pivot":{"x":-327.14300537109377,"y":70.80652618408203,"z":-6.7839508056640629},"rotation":{"x":-0.13213172554969788,"y":0.6370158195495606,"z":-0.11190003156661987,"w":-0.7513324618339539},"size":7.208995342254639,"orthographic":false}