{"cameraMode":{"drawMode":0,"name":"Shaded","section":"Shading Mode"},"sceneLighting":true,"audioPlay":false,"sceneViewState":{"showFog":true,"showMaterialUpdate":false,"showSkybox":false,"showFlares":true,"showImageEffects":true,"showParticleSystems":true},"in2DMode":false,"pivot":{"x":16.53206443786621,"y":4.547990798950195,"z":68.57624816894531},"rotation":{"x":0.0002993571979459375,"y":0.9997081160545349,"z":-0.01349648367613554,"w":0.02131020836532116},"size":71.80780029296875,"orthographic":false}